feature,permutation_importance_mean,permutation_importance_std
issue_type,0.2938737006580279,0.007283856444898664
short_description,0.18913509035443785,0.005579904726059195
created_dow,0.009631457009410382,0.004765718417533408
desc_length,0.001462880724549831,0.0006289248212687202
reporter,0.0010519446212815641,0.003253815776830989
created_is_weekend,0.0,0.0
created_month,0.0,0.0
created_dayofyear,0.0,0.0
priority,-0.005073346066773554,0.0030311228868772906
report_channel,-0.009559960622660879,0.0033098574184112395
created_hour,-0.024042765440479553,0.007187333609766613
